[{"model": "admin.logentry", "pk": 1, "fields": {"action_time": "2023-04-14T13:10:07.437Z", "user": 1, "content_type": 16, "object_id": "1", "object_repr": "Laptop", "action_flag": 1, "change_message": "[{\"added\": {}}]"}}, {"model": "admin.logentry", "pk": 2, "fields": {"action_time": "2023-04-14T13:12:55.961Z", "user": 1, "content_type": 16, "object_id": "2", "object_repr": "Tablets", "action_flag": 1, "change_message": "[{\"added\": {}}]"}}, {"model": "admin.logentry", "pk": 3, "fields": {"action_time": "2023-04-14T13:14:04.120Z", "user": 1, "content_type": 16, "object_id": "3", "object_repr": "PC", "action_flag": 1, "change_message": "[{\"added\": {}}]"}}, {"model": "admin.logentry", "pk": 4, "fields": {"action_time": "2023-04-14T13:15:41.965Z", "user": 1, "content_type": 16, "object_id": "4", "object_repr": "Mobile", "action_flag": 1, "change_message": "[{\"added\": {}}]"}}, {"model": "admin.logentry", "pk": 5, "fields": {"action_time": "2023-04-14T13:18:41.287Z", "user": 1, "content_type": 15, "object_id": "1", "object_repr": "Lenovo", "action_flag": 1, "change_message": "[{\"added\": {}}]"}}, {"model": "admin.logentry", "pk": 6, "fields": {"action_time": "2023-04-14T13:19:34.506Z", "user": 1, "content_type": 15, "object_id": "2", "object_repr": "HP", "action_flag": 1, "change_message": "[{\"added\": {}}]"}}, {"model": "admin.logentry", "pk": 7, "fields": {"action_time": "2023-04-14T13:21:39.303Z", "user": 1, "content_type": 15, "object_id": "3", "object_repr": "Xiaomi", "action_flag": 1, "change_message": "[{\"added\": {}}]"}}, {"model": "admin.logentry", "pk": 8, "fields": {"action_time": "2023-04-14T13:23:07.150Z", "user": 1, "content_type": 15, "object_id": "4", "object_repr": "Samsung", "action_flag": 1, "change_message": "[{\"added\": {}}]"}}, {"model": "admin.logentry", "pk": 9, "fields": {"action_time": "2023-04-14T13:24:05.509Z", "user": 1, "content_type": 15, "object_id": "5", "object_repr": "ASUS", "action_flag": 1, "change_message": "[{\"added\": {}}]"}}, {"model": "admin.logentry", "pk": 10, "fields": {"action_time": "2023-04-14T13:24:54.839Z", "user": 1, "content_type": 15, "object_id": "5", "object_repr": "ASUS", "action_flag": 2, "change_message": "[{\"changed\": {\"fields\": [\"Image\"]}}]"}}, {"model": "admin.logentry", "pk": 11, "fields": {"action_time": "2023-04-14T13:25:03.665Z", "user": 1, "content_type": 15, "object_id": "5", "object_repr": "ASUS", "action_flag": 2, "change_message": "[{\"changed\": {\"fields\": [\"Image\"]}}]"}}, {"model": "admin.logentry", "pk": 12, "fields": {"action_time": "2023-04-14T13:25:55.981Z", "user": 1, "content_type": 15, "object_id": "5", "object_repr": "ASUS", "action_flag": 2, "change_message": "[{\"changed\": {\"fields\": [\"Image\"]}}]"}}, {"model": "admin.logentry", "pk": 13, "fields": {"action_time": "2023-04-14T14:34:27.801Z", "user": 1, "content_type": 13, "object_id": "4", "object_repr": "4 - ShopMarket", "action_flag": 2, "change_message": "[{\"changed\": {\"fields\": [\"Brand name\", \"Rank\"]}}]"}}, {"model": "admin.logentry", "pk": 14, "fields": {"action_time": "2023-04-14T14:34:46.310Z", "user": 1, "content_type": 13, "object_id": "3", "object_repr": "3 - TestBrend-Market", "action_flag": 2, "change_message": "[{\"changed\": {\"fields\": [\"Brand name\", \"Rank\"]}}]"}}, {"model": "admin.logentry", "pk": 15, "fields": {"action_time": "2023-04-14T14:34:53.971Z", "user": 1, "content_type": 13, "object_id": "2", "object_repr": "2 - Pnakon Market", "action_flag": 2, "change_message": "[{\"changed\": {\"fields\": [\"Brand name\", \"Rank\"]}}]"}}, {"model": "admin.logentry", "pk": 16, "fields": {"action_time": "2023-04-14T14:35:18.027Z", "user": 1, "content_type": 13, "object_id": "1", "object_repr": "1 - Mikolaz Market", "action_flag": 2, "change_message": "[{\"changed\": {\"fields\": [\"Brand name\", \"Rank\"]}}]"}}, {"model": "auth.permission", "pk": 1, "fields": {"name": "Can add log entry", "content_type": 1, "codename": "add_logentry"}}, {"model": "auth.permission", "pk": 2, "fields": {"name": "Can change log entry", "content_type": 1, "codename": "change_logentry"}}, {"model": "auth.permission", "pk": 3, "fields": {"name": "Can delete log entry", "content_type": 1, "codename": "delete_logentry"}}, {"model": "auth.permission", "pk": 4, "fields": {"name": "Can view log entry", "content_type": 1, "codename": "view_logentry"}}, {"model": "auth.permission", "pk": 5, "fields": {"name": "Can add permission", "content_type": 2, "codename": "add_permission"}}, {"model": "auth.permission", "pk": 6, "fields": {"name": "Can change permission", "content_type": 2, "codename": "change_permission"}}, {"model": "auth.permission", "pk": 7, "fields": {"name": "Can delete permission", "content_type": 2, "codename": "delete_permission"}}, {"model": "auth.permission", "pk": 8, "fields": {"name": "Can view permission", "content_type": 2, "codename": "view_permission"}}, {"model": "auth.permission", "pk": 9, "fields": {"name": "Can add group", "content_type": 3, "codename": "add_group"}}, {"model": "auth.permission", "pk": 10, "fields": {"name": "Can change group", "content_type": 3, "codename": "change_group"}}, {"model": "auth.permission", "pk": 11, "fields": {"name": "Can delete group", "content_type": 3, "codename": "delete_group"}}, {"model": "auth.permission", "pk": 12, "fields": {"name": "Can view group", "content_type": 3, "codename": "view_group"}}, {"model": "auth.permission", "pk": 13, "fields": {"name": "Can add content type", "content_type": 4, "codename": "add_contenttype"}}, {"model": "auth.permission", "pk": 14, "fields": {"name": "Can change content type", "content_type": 4, "codename": "change_contenttype"}}, {"model": "auth.permission", "pk": 15, "fields": {"name": "Can delete content type", "content_type": 4, "codename": "delete_contenttype"}}, {"model": "auth.permission", "pk": 16, "fields": {"name": "Can view content type", "content_type": 4, "codename": "view_contenttype"}}, {"model": "auth.permission", "pk": 17, "fields": {"name": "Can add session", "content_type": 5, "codename": "add_session"}}, {"model": "auth.permission", "pk": 18, "fields": {"name": "Can change session", "content_type": 5, "codename": "change_session"}}, {"model": "auth.permission", "pk": 19, "fields": {"name": "Can delete session", "content_type": 5, "codename": "delete_session"}}, {"model": "auth.permission", "pk": 20, "fields": {"name": "Can view session", "content_type": 5, "codename": "view_session"}}, {"model": "auth.permission", "pk": 21, "fields": {"name": "Can add crontab", "content_type": 6, "codename": "add_crontabschedule"}}, {"model": "auth.permission", "pk": 22, "fields": {"name": "Can change crontab", "content_type": 6, "codename": "change_crontabschedule"}}, {"model": "auth.permission", "pk": 23, "fields": {"name": "Can delete crontab", "content_type": 6, "codename": "delete_crontabschedule"}}, {"model": "auth.permission", "pk": 24, "fields": {"name": "Can view crontab", "content_type": 6, "codename": "view_crontabschedule"}}, {"model": "auth.permission", "pk": 25, "fields": {"name": "Can add interval", "content_type": 7, "codename": "add_intervalschedule"}}, {"model": "auth.permission", "pk": 26, "fields": {"name": "Can change interval", "content_type": 7, "codename": "change_intervalschedule"}}, {"model": "auth.permission", "pk": 27, "fields": {"name": "Can delete interval", "content_type": 7, "codename": "delete_intervalschedule"}}, {"model": "auth.permission", "pk": 28, "fields": {"name": "Can view interval", "content_type": 7, "codename": "view_intervalschedule"}}, {"model": "auth.permission", "pk": 29, "fields": {"name": "Can add periodic task", "content_type": 8, "codename": "add_periodictask"}}, {"model": "auth.permission", "pk": 30, "fields": {"name": "Can change periodic task", "content_type": 8, "codename": "change_periodictask"}}, {"model": "auth.permission", "pk": 31, "fields": {"name": "Can delete periodic task", "content_type": 8, "codename": "delete_periodictask"}}, {"model": "auth.permission", "pk": 32, "fields": {"name": "Can view periodic task", "content_type": 8, "codename": "view_periodictask"}}, {"model": "auth.permission", "pk": 33, "fields": {"name": "Can add periodic tasks", "content_type": 9, "codename": "add_periodictasks"}}, {"model": "auth.permission", "pk": 34, "fields": {"name": "Can change periodic tasks", "content_type": 9, "codename": "change_periodictasks"}}, {"model": "auth.permission", "pk": 35, "fields": {"name": "Can delete periodic tasks", "content_type": 9, "codename": "delete_periodictasks"}}, {"model": "auth.permission", "pk": 36, "fields": {"name": "Can view periodic tasks", "content_type": 9, "codename": "view_periodictasks"}}, {"model": "auth.permission", "pk": 37, "fields": {"name": "Can add solar event", "content_type": 10, "codename": "add_solarschedule"}}, {"model": "auth.permission", "pk": 38, "fields": {"name": "Can change solar event", "content_type": 10, "codename": "change_solarschedule"}}, {"model": "auth.permission", "pk": 39, "fields": {"name": "Can delete solar event", "content_type": 10, "codename": "delete_solarschedule"}}, {"model": "auth.permission", "pk": 40, "fields": {"name": "Can view solar event", "content_type": 10, "codename": "view_solarschedule"}}, {"model": "auth.permission", "pk": 41, "fields": {"name": "Can add clocked", "content_type": 11, "codename": "add_clockedschedule"}}, {"model": "auth.permission", "pk": 42, "fields": {"name": "Can change clocked", "content_type": 11, "codename": "change_clockedschedule"}}, {"model": "auth.permission", "pk": 43, "fields": {"name": "Can delete clocked", "content_type": 11, "codename": "delete_clockedschedule"}}, {"model": "auth.permission", "pk": 44, "fields": {"name": "Can view clocked", "content_type": 11, "codename": "view_clockedschedule"}}, {"model": "auth.permission", "pk": 45, "fields": {"name": "Can add Customer", "content_type": 12, "codename": "add_customer"}}, {"model": "auth.permission", "pk": 46, "fields": {"name": "Can change Customer", "content_type": 12, "codename": "change_customer"}}, {"model": "auth.permission", "pk": 47, "fields": {"name": "Can delete Customer", "content_type": 12, "codename": "delete_customer"}}, {"model": "auth.permission", "pk": 48, "fields": {"name": "Can view Customer", "content_type": 12, "codename": "view_customer"}}, {"model": "auth.permission", "pk": 49, "fields": {"name": "Can add seller profile", "content_type": 13, "codename": "add_sellerprofile"}}, {"model": "auth.permission", "pk": 50, "fields": {"name": "Can change seller profile", "content_type": 13, "codename": "change_sellerprofile"}}, {"model": "auth.permission", "pk": 51, "fields": {"name": "Can delete seller profile", "content_type": 13, "codename": "delete_sellerprofile"}}, {"model": "auth.permission", "pk": 52, "fields": {"name": "Can view seller profile", "content_type": 13, "codename": "view_sellerprofile"}}, {"model": "auth.permission", "pk": 53, "fields": {"name": "Can add buyer profile", "content_type": 14, "codename": "add_buyerprofile"}}, {"model": "auth.permission", "pk": 54, "fields": {"name": "Can change buyer profile", "content_type": 14, "codename": "change_buyerprofile"}}, {"model": "auth.permission", "pk": 55, "fields": {"name": "Can delete buyer profile", "content_type": 14, "codename": "delete_buyerprofile"}}, {"model": "auth.permission", "pk": 56, "fields": {"name": "Can view buyer profile", "content_type": 14, "codename": "view_buyerprofile"}}, {"model": "auth.permission", "pk": 57, "fields": {"name": "Can add brand", "content_type": 15, "codename": "add_brand"}}, {"model": "auth.permission", "pk": 58, "fields": {"name": "Can change brand", "content_type": 15, "codename": "change_brand"}}, {"model": "auth.permission", "pk": 59, "fields": {"name": "Can delete brand", "content_type": 15, "codename": "delete_brand"}}, {"model": "auth.permission", "pk": 60, "fields": {"name": "Can view brand", "content_type": 15, "codename": "view_brand"}}, {"model": "auth.permission", "pk": 61, "fields": {"name": "Can add category", "content_type": 16, "codename": "add_category"}}, {"model": "auth.permission", "pk": 62, "fields": {"name": "Can change category", "content_type": 16, "codename": "change_category"}}, {"model": "auth.permission", "pk": 63, "fields": {"name": "Can delete category", "content_type": 16, "codename": "delete_category"}}, {"model": "auth.permission", "pk": 64, "fields": {"name": "Can view category", "content_type": 16, "codename": "view_category"}}, {"model": "auth.permission", "pk": 65, "fields": {"name": "Can add product", "content_type": 17, "codename": "add_product"}}, {"model": "auth.permission", "pk": 66, "fields": {"name": "Can change product", "content_type": 17, "codename": "change_product"}}, {"model": "auth.permission", "pk": 67, "fields": {"name": "Can delete product", "content_type": 17, "codename": "delete_product"}}, {"model": "auth.permission", "pk": 68, "fields": {"name": "Can view product", "content_type": 17, "codename": "view_product"}}, {"model": "auth.permission", "pk": 69, "fields": {"name": "Can add order", "content_type": 18, "codename": "add_order"}}, {"model": "auth.permission", "pk": 70, "fields": {"name": "Can change order", "content_type": 18, "codename": "change_order"}}, {"model": "auth.permission", "pk": 71, "fields": {"name": "Can delete order", "content_type": 18, "codename": "delete_order"}}, {"model": "auth.permission", "pk": 72, "fields": {"name": "Can view order", "content_type": 18, "codename": "view_order"}}, {"model": "auth.permission", "pk": 73, "fields": {"name": "Can add tender", "content_type": 19, "codename": "add_tender"}}, {"model": "auth.permission", "pk": 74, "fields": {"name": "Can change tender", "content_type": 19, "codename": "change_tender"}}, {"model": "auth.permission", "pk": 75, "fields": {"name": "Can delete tender", "content_type": 19, "codename": "delete_tender"}}, {"model": "auth.permission", "pk": 76, "fields": {"name": "Can view tender", "content_type": 19, "codename": "view_tender"}}, {"model": "auth.permission", "pk": 77, "fields": {"name": "Can add request", "content_type": 20, "codename": "add_request"}}, {"model": "auth.permission", "pk": 78, "fields": {"name": "Can change request", "content_type": 20, "codename": "change_request"}}, {"model": "auth.permission", "pk": 79, "fields": {"name": "Can delete request", "content_type": 20, "codename": "delete_request"}}, {"model": "auth.permission", "pk": 80, "fields": {"name": "Can view request", "content_type": 20, "codename": "view_request"}}, {"model": "auth.permission", "pk": 81, "fields": {"name": "Can add product parameter", "content_type": 21, "codename": "add_productparameter"}}, {"model": "auth.permission", "pk": 82, "fields": {"name": "Can change product parameter", "content_type": 21, "codename": "change_productparameter"}}, {"model": "auth.permission", "pk": 83, "fields": {"name": "Can delete product parameter", "content_type": 21, "codename": "delete_productparameter"}}, {"model": "auth.permission", "pk": 84, "fields": {"name": "Can view product parameter", "content_type": 21, "codename": "view_productparameter"}}, {"model": "contenttypes.contenttype", "pk": 1, "fields": {"app_label": "admin", "model": "logentry"}}, {"model": "contenttypes.contenttype", "pk": 2, "fields": {"app_label": "auth", "model": "permission"}}, {"model": "contenttypes.contenttype", "pk": 3, "fields": {"app_label": "auth", "model": "group"}}, {"model": "contenttypes.contenttype", "pk": 4, "fields": {"app_label": "contenttypes", "model": "contenttype"}}, {"model": "contenttypes.contenttype", "pk": 5, "fields": {"app_label": "sessions", "model": "session"}}, {"model": "contenttypes.contenttype", "pk": 6, "fields": {"app_label": "django_celery_beat", "model": "crontabschedule"}}, {"model": "contenttypes.contenttype", "pk": 7, "fields": {"app_label": "django_celery_beat", "model": "intervalschedule"}}, {"model": "contenttypes.contenttype", "pk": 8, "fields": {"app_label": "django_celery_beat", "model": "periodictask"}}, {"model": "contenttypes.contenttype", "pk": 9, "fields": {"app_label": "django_celery_beat", "model": "periodictasks"}}, {"model": "contenttypes.contenttype", "pk": 10, "fields": {"app_label": "django_celery_beat", "model": "solarschedule"}}, {"model": "contenttypes.contenttype", "pk": 11, "fields": {"app_label": "django_celery_beat", "model": "clockedschedule"}}, {"model": "contenttypes.contenttype", "pk": 12, "fields": {"app_label": "accounts", "model": "customer"}}, {"model": "contenttypes.contenttype", "pk": 13, "fields": {"app_label": "accounts", "model": "sellerprofile"}}, {"model": "contenttypes.contenttype", "pk": 14, "fields": {"app_label": "accounts", "model": "buyerprofile"}}, {"model": "contenttypes.contenttype", "pk": 15, "fields": {"app_label": "shops", "model": "brand"}}, {"model": "contenttypes.contenttype", "pk": 16, "fields": {"app_label": "shops", "model": "category"}}, {"model": "contenttypes.contenttype", "pk": 17, "fields": {"app_label": "shops", "model": "product"}}, {"model": "contenttypes.contenttype", "pk": 18, "fields": {"app_label": "shops", "model": "order"}}, {"model": "contenttypes.contenttype", "pk": 19, "fields": {"app_label": "tenders", "model": "tender"}}, {"model": "contenttypes.contenttype", "pk": 20, "fields": {"app_label": "tenders", "model": "request"}}, {"model": "contenttypes.contenttype", "pk": 21, "fields": {"app_label": "tenders", "model": "productparameter"}}, {"model": "sessions.session", "pk": "1xuwvbyndwkz5c4xl4amwozoypwn6awt", "fields": {"session_data": ".eJxVjMsOwiAQRf-FtSHDq4BL934DGWCQqoGktCvjv2uTLnR7zzn3xQJuaw3boCXMmZ2ZYKffLWJ6UNtBvmO7dZ56W5c58l3hBx382jM9L4f7d1Bx1G-NCSxFUk6AnazyVDIpmExyXhugmKVDDSQF6mJBumh8tkZi8ZacjsDeH-GIN6k:1pnKUo:3aM_eRxSo5scIwLDMNUK8vW2HTowo9CWuYHz8fFCYCg", "expire_date": "2023-04-28T14:33:50.042Z"}}, {"model": "sessions.session", "pk": "ijbcrvtrcomc3fw763qrjyrd2rojb52n", "fields": {"session_data": ".eJxVjEEOwiAQRe_C2hBACsWl-56BzAyDVA0kpV0Z765NutDtf-_9l4iwrSVunZc4J3ERTpx-NwR6cN1BukO9NUmtrsuMclfkQbucWuLn9XD_Dgr08q0zo2WmgVT2pENmlUZCDlYjex-stToYMygEBH2mPBplg9MOEynlMIv3BxQPOIw:1pnKbo:dQviwr6nx2UTKEqFcHabkBiY8asKkfMMV8QCqWXOa_Y", "expire_date": "2023-04-28T14:41:04.210Z"}}, {"model": "sessions.session", "pk": "y8roiwz60uyobwyakh3wcbla55zplpj2", "fields": {"session_data": ".eJxVjEEOwiAURO_C2hAo0A8u3fcMBP4HqRpISrsy3t026UJ3k3lv5s182Nbit54WPxO7MmCX3y4GfKZ6AHqEem8cW12XOfJD4SftfGqUXrfT_TsooZd9nUYCDBCMIjMqSc6JgSCj3INJUqCx4DALpaJ2OtuBTEwahM0ZtMvIPl_hkjfI:1pnKPy:V-xYluEnJPlYEgl_lXZ2NLgfJoZs_x0ZOGAFB4vNa5k", "expire_date": "2023-04-28T14:28:50.441Z"}}, {"model": "django_celery_beat.crontabschedule", "pk": 1, "fields": {"minute": "0", "hour": "4", "day_of_week": "*", "day_of_month": "*", "month_of_year": "*", "timezone": "UTC"}}, {"model": "django_celery_beat.crontabschedule", "pk": 2, "fields": {"minute": "*/15", "hour": "*", "day_of_week": "*", "day_of_month": "*", "month_of_year": "*", "timezone": "UTC"}}, {"model": "django_celery_beat.crontabschedule", "pk": 3, "fields": {"minute": "0", "hour": "12", "day_of_week": "5", "day_of_month": "*", "month_of_year": "*", "timezone": "UTC"}}, {"model": "django_celery_beat.crontabschedule", "pk": 4, "fields": {"minute": "4", "hour": "5", "day_of_week": "*", "day_of_month": "3", "month_of_year": "9", "timezone": "UTC"}}, {"model": "django_celery_beat.crontabschedule", "pk": 5, "fields": {"minute": "0", "hour": "0", "day_of_week": "*", "day_of_month": "*", "month_of_year": "*", "timezone": "UTC"}}, {"model": "django_celery_beat.periodictasks", "pk": 1, "fields": {"last_update": "2023-04-14T13:04:45.239Z"}}, {"model": "django_celery_beat.periodictask", "pk": 1, "fields": {"name": "at_12_00_on_friday", "task": "accounts.tasks.test_task", "interval": null, "crontab": 3, "solar": null, "clocked": null, "args": "[]", "kwargs": "{}", "queue": null, "exchange": null, "routing_key": null, "headers": "{}", "priority": null, "expires": null, "expire_seconds": null, "one_off": false, "start_time": null, "enabled": true, "last_run_at": null, "total_run_count": 0, "date_changed": "2023-04-14T13:04:45.052Z", "description": ""}}, {"model": "django_celery_beat.periodictask", "pk": 2, "fields": {"name": "my_birth_day", "task": "accounts.tasks.test_task", "interval": null, "crontab": 4, "solar": null, "clocked": null, "args": "[]", "kwargs": "{}", "queue": null, "exchange": null, "routing_key": null, "headers": "{}", "priority": null, "expires": null, "expire_seconds": null, "one_off": false, "start_time": null, "enabled": true, "last_run_at": null, "total_run_count": 0, "date_changed": "2023-04-14T13:04:45.176Z", "description": ""}}, {"model": "django_celery_beat.periodictask", "pk": 3, "fields": {"name": "tender_status_change", "task": "tenders.tasks.tender_status_change_task", "interval": null, "crontab": 5, "solar": null, "clocked": null, "args": "[]", "kwargs": "{}", "queue": null, "exchange": null, "routing_key": null, "headers": "{}", "priority": null, "expires": null, "expire_seconds": null, "one_off": false, "start_time": null, "enabled": true, "last_run_at": null, "total_run_count": 0, "date_changed": "2023-04-14T13:04:45.235Z", "description": ""}}, {"model": "accounts.customer", "pk": 1, "fields": {"password": "pbkdf2_sha256$390000$GoXEXXejDWuVQ0fiQjToe9$+rxo0dj95+bzIfzKumSfgCnlioYtnbF14wkzyeCC3ws=", "last_login": "2023-04-14T14:33:50.017Z", "is_superuser": true, "email": "admin@admin.com", "is_staff": true, "is_active": true, "date_joined": "2023-04-14T13:07:27.362Z", "phone_number": "+380501111111", "user_type": 0, "groups": [], "user_permissions": []}}, {"model": "accounts.customer", "pk": 2, "fields": {"password": "pbkdf2_sha256$390000$niIabGruxggZ6rP63GBfu4$o9DaWKnMqBkxP5ZlEpY7eQ+fbvSDaM/GEQ92l2sW1/w=", "last_login": "2023-04-14T14:32:06.924Z", "is_superuser": false, "email": "mikolaz2727@gmail.com", "is_staff": false, "is_active": true, "date_joined": "2023-04-14T13:32:11.881Z", "phone_number": "+380631121522", "user_type": 1, "groups": [], "user_permissions": []}}, {"model": "accounts.customer", "pk": 3, "fields": {"password": "pbkdf2_sha256$390000$yjeZNw0L4igKZBUBzPIVwM$YuQsUTFLbbGEFRiHloEyP+Ba/wX5GyYO14b/fuEDhGs=", "last_login": "2023-04-14T13:54:42.674Z", "is_superuser": false, "email": "pnakongithub@gmail.com", "is_staff": false, "is_active": true, "date_joined": "2023-04-14T13:54:42.513Z", "phone_number": "+380639958222", "user_type": 1, "groups": [], "user_permissions": []}}, {"model": "accounts.customer", "pk": 4, "fields": {"password": "pbkdf2_sha256$390000$P7mjicUw6yfOflsSRHfCh7$pBfMzRSJTz/bsfX3Y4x8xn9rvUd7aOkwCp0T6V6J9jk=", "last_login": "2023-04-14T14:04:09.305Z", "is_superuser": false, "email": "test1@admin.com", "is_staff": false, "is_active": true, "date_joined": "2023-04-14T14:04:09.129Z", "phone_number": "+380634425874", "user_type": 1, "groups": [], "user_permissions": []}}, {"model": "accounts.customer", "pk": 5, "fields": {"password": "pbkdf2_sha256$390000$A11HtKsogv2afHLOZ5sYKA$BccWa+OsDVeqvjeIyYi5a/8HDZsSF/NDJoZwcV77278=", "last_login": "2023-04-14T14:08:38.828Z", "is_superuser": false, "email": "test2@admin.com", "is_staff": false, "is_active": true, "date_joined": "2023-04-14T14:08:38.641Z", "phone_number": "+380632238574", "user_type": 1, "groups": [], "user_permissions": []}}, {"model": "accounts.customer", "pk": 6, "fields": {"password": "pbkdf2_sha256$390000$YHLUTxN0H5PHA8s3k4JgGD$ziYDScDMVf6Q4Kl6PyVKKC0Am9m9SXgcmL6FK1e+KCc=", "last_login": "2023-04-14T14:41:04.189Z", "is_superuser": false, "email": "bestbuyer@admin.com", "is_staff": false, "is_active": true, "date_joined": "2023-04-14T14:17:15.375Z", "phone_number": "+380638875521", "user_type": 0, "groups": [], "user_permissions": []}}, {"model": "accounts.customer", "pk": 7, "fields": {"password": "pbkdf2_sha256$390000$cGsPraHnAtiqTys90ekWBz$q5ilazq3tNs8ybcvwiBUR1HeFmoXeNc6rGekwVo1RNk=", "last_login": "2023-04-14T14:28:50.422Z", "is_superuser": false, "email": "bestbuyer2@admin.com", "is_staff": false, "is_active": true, "date_joined": "2023-04-14T14:28:50.238Z", "phone_number": "+380639942253", "user_type": 0, "groups": [], "user_permissions": []}}, {"model": "accounts.customer", "pk": 8, "fields": {"password": "pbkdf2_sha256$390000$eAguNw4OcuA4Tn8CFTc0Bn$/CipVoLotSJ4fRfEqC5nKBP3Etvc1/qnO8YcgQt7Eu4=", "last_login": "2023-04-14T14:37:51.500Z", "is_superuser": false, "email": "test@test.com", "is_staff": false, "is_active": true, "date_joined": "2023-04-14T14:37:51.330Z", "phone_number": "+380631175485", "user_type": 1, "groups": [], "user_permissions": []}}, {"model": "accounts.buyerprofile", "pk": 1, "fields": {"customer": 1, "first_name": "", "last_name": "", "birthdate": null, "avatar": ""}}, {"model": "accounts.buyerprofile", "pk": 2, "fields": {"customer": 6, "first_name": "Petro", "last_name": "Nakon", "birthdate": "1991-02-02", "avatar": "accounts/uploads/avatar_1.jpg"}}, {"model": "accounts.buyerprofile", "pk": 3, "fields": {"customer": 7, "first_name": "Pavlo", "last_name": "Nak", "birthdate": "1991-03-09", "avatar": "accounts/uploads/avata_2.jpg"}}, {"model": "accounts.sellerprofile", "pk": 1, "fields": {"customer": 2, "brand_name": "Mikolaz Market", "description": "This is the most wonderful store :)", "city": "Dnipro", "location": "", "url": "https://mikolaz.com.ua", "rank": 50, "logo": "accounts/uploads/S_logo.jpg"}}, {"model": "accounts.sellerprofile", "pk": 2, "fields": {"customer": 3, "brand_name": "Pnakon Market", "description": "Best market) Best price)", "city": "Lviv", "location": "", "url": "https://www.pnakon.com.ua", "rank": 18, "logo": "accounts/uploads/p_logo.jpg"}}, {"model": "accounts.sellerprofile", "pk": 3, "fields": {"customer": 4, "brand_name": "TestBrend-Market", "description": "Best test market in the world ))", "city": "Odesa", "location": "", "url": "https://www.bessttwew.com", "rank": 8, "logo": "accounts/uploads/logo_t.jpeg"}}, {"model": "accounts.sellerprofile", "pk": 4, "fields": {"customer": 5, "brand_name": "ShopMarket", "description": "Good market for you )", "city": "Dnipro", "location": "", "url": "https://www.ssdsaa.com.ua", "rank": 25, "logo": "accounts/uploads/logo_m.jpg"}}, {"model": "accounts.sellerprofile", "pk": 5, "fields": {"customer": 8, "brand_name": "Best ever market", "description": "Best market", "city": "Odesa", "location": "", "url": "http://mymarket.com", "rank": 0, "logo": "accounts/uploads/m_logo.png"}}, {"model": "shops.product", "pk": 1, "fields": {"product_name": "LPX 15 d", "image": "shops/products/uploads/Leptop_one_photo.jpg", "description": "This is a good product", "price_currency": "UAH", "price": "12000.00", "available": true, "seller": 1, "category": 1, "brand": 1}}, {"model": "shops.product", "pk": 2, "fields": {"product_name": "XfpS", "image": "shops/products/uploads/tablets_1.jpg", "description": "This is a good product", "price_currency": "UAH", "price": "23212.00", "available": true, "seller": 1, "category": 2, "brand": 4}}, {"model": "shops.product", "pk": 3, "fields": {"product_name": "Sxbxd 15 df", "image": "shops/products/uploads/mobile_1.png", "description": "This is a good product", "price_currency": "UAH", "price": "20000.00", "available": true, "seller": 1, "category": 4, "brand": 3}}, {"model": "shops.product", "pk": 4, "fields": {"product_name": "pc-23-sdd", "image": "shops/products/uploads/pc_1.jpg", "description": "Best PC:))", "price_currency": "UAH", "price": "25000.00", "available": true, "seller": 1, "category": 3, "brand": 5}}, {"model": "shops.product", "pk": 5, "fields": {"product_name": "Hsr15-18-s", "image": "shops/products/uploads/pc_2.webp", "description": "Best leptop:))", "price_currency": "UAH", "price": "20000.00", "available": true, "seller": 1, "category": 1, "brand": 2}}, {"model": "shops.product", "pk": 6, "fields": {"product_name": "LPX 15 d", "image": "shops/products/uploads/laptop_category.jpg", "description": "Best leptop )))", "price_currency": "UAH", "price": "18000.00", "available": true, "seller": 2, "category": 1, "brand": 1}}, {"model": "shops.product", "pk": 7, "fields": {"product_name": "Shdk-15-se", "image": "shops/products/uploads/tablets_2.jpeg", "description": "Best tablets:))", "price_currency": "UAH", "price": "15000.00", "available": true, "seller": 2, "category": 2, "brand": 4}}, {"model": "shops.product", "pk": 8, "fields": {"product_name": "Sosk-17-18", "image": "shops/products/uploads/pc_3.jpeg", "description": "Best PC", "price_currency": "UAH", "price": "25222.00", "available": true, "seller": 2, "category": 3, "brand": 3}}, {"model": "shops.product", "pk": 9, "fields": {"product_name": "Jsk 23 15GB", "image": "shops/products/uploads/leptop_3.jpg", "description": "Good laptop:))", "price_currency": "UAH", "price": "28555.00", "available": true, "seller": 3, "category": 1, "brand": 3}}, {"model": "shops.product", "pk": 10, "fields": {"product_name": "Nhs-15-1", "image": "shops/products/uploads/phone.jpg", "description": "Good phone)", "price_currency": "UAH", "price": "5855.00", "available": true, "seller": 4, "category": 4, "brand": 2}}, {"model": "shops.category", "pk": 1, "fields": {"name": "Laptop", "image": "shops/category/uploads/laptop_category.jpg"}}, {"model": "shops.category", "pk": 2, "fields": {"name": "Tablets", "image": "shops/category/uploads/tablets_category.jpg"}}, {"model": "shops.category", "pk": 3, "fields": {"name": "PC", "image": "shops/category/uploads/pc_category.jpg"}}, {"model": "shops.category", "pk": 4, "fields": {"name": "Mobile", "image": "shops/category/uploads/mobile_category.jpg"}}, {"model": "shops.brand", "pk": 1, "fields": {"name": "Lenovo", "image": "shops/brand/uploads/Lenovo_logo.jpg"}}, {"model": "shops.brand", "pk": 2, "fields": {"name": "HP", "image": "shops/brand/uploads/hp_logo.jpeg"}}, {"model": "shops.brand", "pk": 3, "fields": {"name": "Xiaomi", "image": "shops/brand/uploads/xiaomi_logo.jpeg"}}, {"model": "shops.brand", "pk": 4, "fields": {"name": "Samsung", "image": "shops/brand/uploads/samsung.png"}}, {"model": "shops.brand", "pk": 5, "fields": {"name": "ASUS", "image": "shops/brand/uploads/asus_logo_XXIBLIF.jpg"}}, {"model": "shops.order", "pk": 1, "fields": {"buyer": 2, "product": 2, "amount": 3, "status": 0, "timestamp": "2023-04-14T14:19:42.977Z", "total_price_currency": "UAH", "total_price": "69636.00"}}, {"model": "shops.order", "pk": 2, "fields": {"buyer": 2, "product": 6, "amount": 3, "status": 0, "timestamp": "2023-04-14T14:19:43.003Z", "total_price_currency": "UAH", "total_price": "54000.00"}}, {"model": "shops.order", "pk": 3, "fields": {"buyer": 2, "product": 7, "amount": 3, "status": 0, "timestamp": "2023-04-14T14:20:13.475Z", "total_price_currency": "UAH", "total_price": "45000.00"}}, {"model": "shops.order", "pk": 4, "fields": {"buyer": 2, "product": 2, "amount": 3, "status": 1, "timestamp": "2023-04-14T14:20:29.778Z", "total_price_currency": "UAH", "total_price": "69636.00"}}, {"model": "shops.order", "pk": 5, "fields": {"buyer": 2, "product": 7, "amount": 2, "status": 0, "timestamp": "2023-04-14T14:20:41.762Z", "total_price_currency": "UAH", "total_price": "30000.00"}}, {"model": "tenders.tender", "pk": 1, "fields": {"tender_name": "Good tender", "buyer": 2, "end_day": "2023-04-24", "description": "Goood tendet", "status": 3, "minimum_required_rank": 5}}, {"model": "tenders.tender", "pk": 2, "fields": {"tender_name": "Dh15-shs", "buyer": 2, "end_day": "2023-04-24", "description": "Tender for test )", "status": 1, "minimum_required_rank": 0}}, {"model": "tenders.tender", "pk": 3, "fields": {"tender_name": "Test 3 tender", "buyer": 2, "end_day": "2023-04-24", "description": "Best tender", "status": 1, "minimum_required_rank": 15}}, {"model": "tenders.tender", "pk": 4, "fields": {"tender_name": "LPX 15 d", "buyer": 2, "end_day": "2023-04-24", "description": "Test send email order", "status": 0, "minimum_required_rank": 1}}, {"model": "tenders.tender", "pk": 5, "fields": {"tender_name": "Good tender 2)", "buyer": 2, "end_day": "2023-04-24", "description": "Good tender)", "status": 0, "minimum_required_rank": 15}}, {"model": "tenders.tender", "pk": 6, "fields": {"tender_name": "Test tender big rank", "buyer": 3, "end_day": "2023-04-24", "description": "Test tender big rand 1000", "status": 1, "minimum_required_rank": 1000}}, {"model": "tenders.productparameter", "pk": 1, "fields": {"amount": 2, "products": "Sxccdd 15 s", "category": 2, "brand": 3, "tender": 1}}, {"model": "tenders.productparameter", "pk": 2, "fields": {"amount": 4, "products": "Szx", "category": 3, "brand": 2, "tender": 1}}, {"model": "tenders.productparameter", "pk": 3, "fields": {"amount": 222, "products": "SXzz-15", "category": 2, "brand": 2, "tender": 2}}, {"model": "tenders.productparameter", "pk": 4, "fields": {"amount": 26, "products": "XFx-15", "category": 1, "brand": 2, "tender": 2}}, {"model": "tenders.productparameter", "pk": 5, "fields": {"amount": 22, "products": "Sxzs-15", "category": 1, "brand": 3, "tender": 3}}, {"model": "tenders.productparameter", "pk": 6, "fields": {"amount": 223, "products": "Sxz-15", "category": 2, "brand": 1, "tender": 3}}, {"model": "tenders.productparameter", "pk": 7, "fields": {"amount": 22, "products": "LPX 15 d", "category": 1, "brand": 2, "tender": 4}}, {"model": "tenders.productparameter", "pk": 8, "fields": {"amount": 223, "products": "Shdk-15-se", "category": 2, "brand": 5, "tender": 5}}, {"model": "tenders.productparameter", "pk": 9, "fields": {"amount": 22, "products": "JhsS-15-gc", "category": 1, "brand": 2, "tender": 6}}]